Metric,Value
Topic Coherence,-0.12667224558010787
Topic Diversity,0.8285714285714286
